,PCA_score,tSNE_score,DiffMap_score
0,-0.08497506380081177,-0.03857758641242981,-0.05001787841320038
