,PCA_score,tSNE_score,DiffMap_score
0,-0.03628242015838623,-0.0020057877991348505,-0.03899584338068962
