,PCA_score,tSNE_score,DiffMap_score
0,-0.08424246311187744,-0.03784498572349548,-0.049286436289548874
